For Employee table

insert into Employee values(12345678900, 123456, 'James', 'Franco', 'Newyork', 14586392517)
insert into Employee values(23456789000, 234567, 'Johnny', 'Depp', 'Los Angeles', 12569687452)
insert into Employee values(34567890100, 345678, 'Brad', 'Pitt', 'Chicago', 16529854126)
insert into Employee values(45678901200, 456789, 'Edward', 'Norton', 'Boston', 12314785960)
insert into Employee values(56789012300, 567890, 'Mark', 'Ruffalo', 'Wisconsin', 11089652314)
insert into Employee values(67891234500, 678901, 'Kate', 'Middleton', 'Reading', 24659871930)
insert into Employee values(78901223400, 789012, 'Gigi', 'Hadid', 'California', 15482306952)
insert into Employee values(89012345600, 890123, 'Robert', 'Lewandowski', 'Varşova', 48523016952)
insert into Employee values(01234567800, 901234, 'Cillian', 'Murphy', 'Douglas', 35336528941)
insert into Employee values(12346578900, 012345, 'Dua', 'Lipa', 'Londra', 24631789520)

For Customer table

insert into Customer values(147258, 'Barack', 'Obama', 'Washington', 14562017485, 'no-health-issue', 12345678900)
insert into Customer values(247258, 'Miley', 'Cyrus', 'Franklin', 14562052485, 'no-health-issue', 78901223400)
insert into Customer values(347258, 'Chris', 'Hemssworth', 'Melbourne', 61458923014, 'diabate', 01234567800)
insert into Customer values(447258, 'Natalie', 'Portman', 'Los Angeles', 14523608952, 'hypertension', 12346578900)
insert into Customer values(547258, 'Sinan', 'Akçıl', 'Istanbul', 05365260010, 'no health issue', 12346578900)
insert into Customer values(647258, 'Bryan', 'Cransto', 'Los Angeles', 14521036923, 'diabete and hypertension', 45678901200)
insert into Customer values(747258, 'Dean', 'Norris', 'Indiana', 12503698563, 'hypertension', 34567890100)
insert into Customer values(847258, 'Aaron', 'Paul', 'Emmett', 12508749630, 'no health issue', 12345678900)
insert into Customer values(947258, 'Emma', 'Watson', 'Paris', 47581065230, 'flu', 56789012300)
insert into Customer values(147259, 'Vin', 'Diesel', 'California', 1472583692, 'diabete', 89012345600)

For InsurancePolicy table

insert into InsurancePolicy values(159357, '01/05/2015', 147258)
insert into InsurancePolicy values(259357, '05/08/2018', 247258)
insert into InsurancePolicy values(359357, '12/03/2012', 347258)
insert into InsurancePolicy values(459357, '08/06/2015', 447258)
insert into InsurancePolicy values(559357, '04/06/2020', 547258)
insert into InsurancePolicy values(659357, '11/05/2021', 647258)
insert into InsurancePolicy values(759357, '02/09/2015', 747258)
insert into InsurancePolicy values(859357, '06/08/2022', 847258)
insert into InsurancePolicy values(959357, '10/07/2019', 947258)
insert into InsurancePolicy values(159358, '04/05/2015', 147259)

For Premium table

insert into Premium values(159357, 'used once', 'used once')
insert into Premium values(259357, 'used once', 'used twice')
insert into Premium values(359357, 'never used', 'used once')
insert into Premium values(459357, 'used once', 'used once')
insert into Premium values(559357, 'used once', 'used three times')

For Standard table

insert into Standard values(659357, 'used')
insert into Standard values(759357, 'never used')
insert into Standard values(859357, 'never used')
insert into Standard values(959357, 'never used')
insert into Standard values(159357, 'used')

For ContractedInstitution table

insert into ContractedInstitution values(1234, 'Medicana', 'Ankara', 03125896320, 'all methods are available')
insert into ContractedInstitution values(2345, 'Medical Park', 'California', 10362589471, 'all methods are available')
insert into ContractedInstitution values(3456, 'Liv Hospital', 'Los Angeles', 14528749630, 'outpatient treatment')
insert into ContractedInstitution values(4567, 'Mayo Clinic', 'Los Angeles', 12305829614, 'outpatient treatment')
insert into ContractedInstitution values(5678, 'Singapore General Hospital', 'Singapore', 47152036952, 'all methods are available')
insert into ContractedInstitution values(6789, 'Memorial', 'Londra', 24689514720, 'all methods are available')
insert into ContractedInstitution values(7890, 'Charité', 'Berlin', 44785210369, 'inpatient treatment')
insert into ContractedInstitution values(8901, 'Middle East Hospital', 'Los Angeles', 12396587410, 'outpatient treatment')
insert into ContractedInstitution values(9012, 'Charité', 'Paris', 47785210369, 'inpatient treatment')
insert into ContractedInstitution values(1235, 'Massachusetts General Hospital', 'Washington', 14520369852, 'all methods are available')

For Own table

insert into Own values(159357, 1234)
insert into Own values(259357, 2345)
insert into Own values(359357, 3456)
insert into Own values(459357, 4567)
insert into Own values(559357, 5678)
insert into Own values(659357, 6789)
insert into Own values(759357, 7890)
insert into Own values(859357, 8901)
insert into Own values(959357, 9012)
insert into Own values(159357, 1235)

